City_ID,City,Country,Lat,Lng,Max Temp,Humidity,Cloudiness,Wind Speed,Current Description
0,Tuktoyaktuk,CA,69.4541,-133.0374,26.6,100,75,11.5,broken clouds
1,Ulladulla,AU,-35.35,150.4667,62.1,71,100,5.19,overcast clouds
2,Arenapolis,BR,-14.4503,-56.8461,79.02,75,90,1.97,overcast clouds
3,Mahebourg,MU,-20.4081,57.7,71.26,94,40,3.44,scattered clouds
4,Severo-Kurilsk,RU,50.6789,156.125,48.11,69,21,17.49,few clouds
5,Gumdag,TM,39.2061,54.5906,56.23,25,1,20.15,clear sky
6,Abu Zabad,SD,12.35,29.25,73.31,88,100,10.2,moderate rain
7,Lorengau,PG,-2.0226,147.2712,85.69,72,16,8.05,few clouds
8,Klaeng,TH,12.7797,101.6483,83.16,100,100,10.36,overcast clouds
9,Hegang,CN,47.4,130.3667,54.09,49,95,7.25,overcast clouds
10,Qaanaaq,GL,77.484,-69.3632,28.63,96,100,8.14,overcast clouds
11,East London,ZA,-33.0153,27.9116,64.54,85,99,4.03,overcast clouds
12,Yellowknife,CA,62.456,-114.3525,42.42,82,75,14.97,broken clouds
13,Gamba,GA,-2.65,10.0,76.53,90,100,6.4,light rain
14,Leningradskiy,RU,69.3833,178.4167,22.93,95,100,5.14,overcast clouds
15,Hermanus,ZA,-34.4187,19.2345,58.89,75,99,5.53,overcast clouds
16,Hilo,US,19.7297,-155.09,83.28,82,90,11.5,light rain
17,Jamestown,US,42.097,-79.2353,71.19,82,90,5.75,overcast clouds
18,Cape Town,ZA,-33.9258,18.4232,63.09,83,0,1.99,clear sky
19,Dikson,RU,73.5069,80.5464,26.64,81,31,18.9,scattered clouds
20,Ushuaia,AR,-54.8,-68.3,51.46,50,75,11.5,broken clouds
21,Victoria,HK,22.2855,114.1577,80.26,94,100,1.01,moderate rain
22,Umm Lajj,SA,25.0213,37.2685,85.12,50,0,10.49,clear sky
23,Ponta Do Sol,PT,32.6667,-17.1,69.71,74,0,1.63,clear sky
24,Iwanai,JP,42.9744,140.5089,62.17,57,34,4.09,scattered clouds
25,Bredasdorp,ZA,-34.5322,20.0403,57.27,93,100,0.0,overcast clouds
26,Narsaq,GL,60.9167,-46.05,34.02,72,76,0.76,broken clouds
27,Varnavino,RU,57.4035,45.0916,40.8,73,100,5.97,overcast clouds
28,Norman Wells,CA,65.282,-126.8329,37.44,70,75,14.97,broken clouds
29,Vaini,TO,-21.2,-175.2,77.16,78,20,6.91,few clouds
30,Khatanga,RU,71.9667,102.5,11.17,96,100,7.29,overcast clouds
31,Bethel,US,41.3712,-73.414,62.49,90,1,0.0,clear sky
32,Saint-Pierre,RE,-21.3393,55.4781,73.08,94,90,0.0,overcast clouds
33,Mataura,NZ,-46.1927,168.8643,46.65,63,99,6.17,overcast clouds
34,Meybod,IR,32.2501,54.0166,57.22,12,0,5.57,clear sky
35,Kirakira,SB,-10.4544,161.9205,84.18,69,41,6.89,scattered clouds
36,Tiksi,RU,71.6872,128.8694,19.06,92,85,10.6,overcast clouds
37,Mar Del Plata,AR,-38.0023,-57.5575,60.1,65,90,1.01,fog
38,Saint-Philippe,RE,-21.3585,55.7679,72.99,89,57,7.63,broken clouds
39,Port Alfred,ZA,-33.5906,26.891,60.8,88,23,4.16,few clouds
40,Torbay,CA,47.6666,-52.7314,48.58,97,90,19.57,mist
41,Albany,US,42.6001,-73.9662,63.3,83,4,2.95,clear sky
42,Iqaluit,CA,63.7506,-68.5145,35.33,93,75,23.0,light rain
43,Fernandina Beach,US,30.6697,-81.4626,76.95,81,1,1.99,clear sky
44,Arraial Do Cabo,BR,-22.9661,-42.0278,66.16,100,75,10.36,broken clouds
45,Tasiilaq,GL,65.6145,-37.6368,30.36,58,9,3.02,clear sky
46,Wuwei,CN,37.9281,102.6414,49.3,24,100,1.39,overcast clouds
47,Skibbereen,IE,51.55,-9.2667,49.8,88,23,2.24,few clouds
48,Madison Heights,US,42.4859,-83.1052,68.25,79,90,6.91,overcast clouds
49,Pinega,RU,64.7001,43.3936,38.64,90,100,8.48,overcast clouds
50,Busselton,AU,-33.65,115.3333,54.09,61,78,8.14,broken clouds
51,Salalah,OM,17.0151,54.0924,73.49,60,0,2.3,clear sky
52,Bluff,NZ,-46.6,168.3333,46.24,68,100,12.75,overcast clouds
53,Grindavik,IS,63.8424,-22.4338,48.15,100,90,18.41,light intensity drizzle
54,Rikitea,PF,-23.1203,-134.9692,74.41,72,100,8.84,overcast clouds
55,Port Hardy,CA,50.6996,-127.4199,46.58,81,40,6.91,scattered clouds
56,Tessalit,ML,20.1986,1.0114,82.38,12,67,9.73,broken clouds
57,Cartagena,CO,10.3997,-75.5144,83.82,84,40,4.61,scattered clouds
58,Yar-Sale,RU,66.8333,70.8333,30.42,97,100,14.47,light snow
59,Cangzhou,CN,38.3167,116.8667,58.68,60,91,1.88,overcast clouds
60,Garrel,DE,52.95,8.0167,44.22,95,100,4.97,overcast clouds
61,Evensk,RU,61.95,159.2333,28.8,80,100,13.31,light snow
62,Atuona,PF,-9.8,-139.0333,78.21,70,0,16.28,clear sky
63,Banda Aceh,ID,5.5577,95.3222,82.31,71,100,13.44,overcast clouds
64,Jiuquan,CN,39.7432,98.5174,45.54,25,99,4.52,overcast clouds
65,Geraldton,AU,-28.7667,114.6,63.01,42,0,20.71,clear sky
66,Puerto Ayora,EC,-0.7393,-90.3518,69.55,86,81,8.01,broken clouds
67,Gidole,ET,5.65,37.3667,57.4,83,100,1.81,light rain
68,Talnakh,RU,69.4865,88.3972,17.96,96,99,5.37,overcast clouds
69,Kununurra,AU,-15.7667,128.7333,91.38,55,100,5.75,overcast clouds
70,Burnie,AU,-41.0667,145.9167,55.94,61,97,17.18,overcast clouds
71,Namie,JP,37.4833,141.0,63.72,96,100,6.64,overcast clouds
72,Yumen,CN,40.2833,97.2,46.04,24,100,1.57,overcast clouds
73,Kapaa,US,22.0752,-159.319,84.18,76,75,5.01,light rain
74,Paamiut,GL,61.994,-49.6678,37.0,88,5,11.03,clear sky
75,Pangnirtung,CA,66.1451,-65.7125,42.49,54,100,9.1,overcast clouds
76,Hobart,AU,-42.8794,147.3294,61.02,54,90,1.99,overcast clouds
77,Kaeo,NZ,-35.1,173.7833,64.33,52,54,11.61,broken clouds
78,Nanga Eboko,CM,4.6833,12.3667,67.1,99,100,2.17,overcast clouds
79,Romans-Sur-Isere,FR,45.0464,5.0562,51.85,81,98,11.59,overcast clouds
80,Naze,JP,28.3667,129.4833,81.52,77,100,14.56,overcast clouds
81,Constitucion,CL,-35.3333,-72.4167,50.81,87,34,2.86,scattered clouds
82,Seoul,KR,37.5683,126.9778,67.39,63,0,4.61,clear sky
83,Erenhot,CN,43.6475,111.9767,53.08,66,3,13.15,clear sky
84,Gonen,TR,40.1049,27.654,61.02,55,86,5.26,overcast clouds
85,Dayong,CN,25.0209,118.2898,83.89,82,99,3.91,light rain
86,Broome,US,42.2506,-75.833,63.91,88,20,1.99,few clouds
87,Great Bend,US,38.3645,-98.7648,63.12,79,90,7.0,overcast clouds
88,Namwala,ZM,-15.7504,26.4384,65.75,44,0,4.09,clear sky
89,Punta Arenas,CL,-53.15,-70.9167,53.71,40,0,13.8,clear sky
90,Vostok,RU,46.4856,135.8833,51.96,38,82,1.41,broken clouds
91,Santa Marta,CO,11.2408,-74.199,80.85,85,99,8.5,overcast clouds
92,Kaitangata,NZ,-46.2817,169.8464,46.51,67,100,11.81,overcast clouds
93,Saskylakh,RU,71.9167,114.0833,11.03,97,99,4.88,overcast clouds
94,Shiraz,IR,29.6036,52.5388,65.64,34,0,0.0,clear sky
95,Carnarvon,AU,-24.8667,113.6333,66.27,37,0,16.11,clear sky
96,Cabedelo,BR,-6.9811,-34.8339,75.87,73,33,10.29,scattered clouds
97,Clyde River,CA,70.4692,-68.5914,32.04,80,100,3.58,overcast clouds
98,Lagoa,PT,39.05,-27.9833,69.15,72,100,7.61,overcast clouds
99,Henties Bay,NA,-22.116,14.2845,59.86,93,90,7.85,overcast clouds
100,Korla,CN,41.7597,86.1469,49.1,27,0,11.01,clear sky
101,Upernavik,GL,72.7868,-56.1549,32.7,93,100,6.78,overcast clouds
102,Chissamba,AO,-12.1667,17.3333,66.04,55,85,3.56,overcast clouds
103,Sola,VU,-13.8833,167.55,88.47,74,75,5.75,broken clouds
104,Brownwood,US,31.7093,-98.9912,80.6,69,1,14.97,clear sky
105,Port Shepstone,ZA,-30.7414,30.455,67.42,88,89,6.46,overcast clouds
106,Thompson,CA,55.7435,-97.8558,42.96,93,90,8.05,overcast clouds
107,Srednekolymsk,RU,67.45,153.6833,18.18,79,100,2.17,overcast clouds
108,Skjold,DK,55.7971,9.9397,39.96,84,6,7.74,clear sky
109,Lompoc,US,34.6391,-120.4579,68.56,54,1,18.41,clear sky
110,Viedma,AR,-40.8135,-62.9967,59.58,86,100,10.09,overcast clouds
111,Sao Filipe,CV,14.8961,-24.4956,78.75,73,100,8.99,overcast clouds
112,Abha,SA,18.2164,42.5053,60.62,21,0,0.0,clear sky
113,College,US,64.8569,-147.8028,36.28,76,75,5.75,broken clouds
114,Georgetown,MY,5.4112,100.3354,82.33,87,20,5.01,few clouds
115,Venado Tuerto,AR,-33.7456,-61.9688,66.78,61,87,8.03,overcast clouds
116,La Ronge,CA,55.1001,-105.2842,41.22,65,1,3.44,clear sky
117,Lebu,CL,-37.6167,-73.65,53.38,88,44,1.43,scattered clouds
118,Urumqi,CN,43.801,87.6005,36.55,87,75,11.18,broken clouds
119,Mosquera,CO,4.7059,-74.2302,59.09,72,75,4.61,broken clouds
120,Lasa,IT,46.6166,10.7002,45.48,91,93,5.59,overcast clouds
121,Fairbanks,US,64.8378,-147.7164,36.3,75,90,1.01,overcast clouds
122,Tobol,KZ,52.6844,62.5794,45.99,67,100,6.62,overcast clouds
123,Champerico,GT,14.3,-91.9167,86.54,80,17,4.92,few clouds
124,Dunedin,NZ,-45.8742,170.5036,47.8,72,100,23.0,overcast clouds
125,Polyarnyye Zori,RU,67.3661,32.4981,39.7,92,97,6.55,overcast clouds
126,Sozimskiy,RU,59.7418,52.2482,39.45,96,48,5.35,scattered clouds
127,Hrusovany Nad Jevisovkou,CZ,48.8299,16.4027,48.85,95,100,1.99,overcast clouds
128,Jijiga,ET,9.35,42.8,62.19,84,95,4.68,overcast clouds
129,Nanortalik,GL,60.1432,-45.2371,39.45,76,0,3.51,clear sky
130,Rudsar,IR,37.1376,50.288,57.18,64,100,4.29,overcast clouds
131,Ribeira Grande,PT,38.5167,-28.7,70.09,72,100,9.84,overcast clouds
132,Cabo San Lucas,MX,22.8909,-109.9124,79.52,86,100,8.01,overcast clouds
133,Lata,PT,40.1629,-8.3327,59.41,56,0,3.91,clear sky
134,Porto Belo,BR,-27.1578,-48.5531,73.17,91,100,12.62,light rain
135,Keokuk,US,40.3973,-91.3849,67.08,88,100,3.44,overcast clouds
136,Karratha,AU,-20.7377,116.8463,82.54,16,5,26.08,clear sky
137,Calama,CL,-22.4667,-68.9333,55.11,28,1,2.89,clear sky
138,Barrow,US,71.2906,-156.7887,30.22,80,90,19.57,light snow
139,Souillac,MU,-20.5167,57.5167,71.37,94,40,3.44,scattered clouds
140,Faanui,PF,-16.4833,-151.75,80.62,74,100,14.18,overcast clouds
141,Kilrush,IE,52.6397,-9.4833,53.35,91,69,4.25,broken clouds
142,Chimbote,PE,-9.0853,-78.5783,62.47,85,36,11.16,scattered clouds
143,Deputatskiy,RU,69.3,139.9,21.92,94,100,3.67,light snow
144,Alice Springs,AU,-23.7,133.8833,67.55,21,0,13.8,clear sky
145,Avarua,CK,-21.2078,-159.775,78.85,65,2,14.97,clear sky
146,Regina,CA,50.4501,-104.6178,39.2,62,75,4.61,broken clouds
147,Aykhal,RU,66.0,111.5,13.68,93,100,14.94,overcast clouds
148,Luderitz,NA,-26.6481,15.1594,63.3,64,100,4.63,overcast clouds
149,Nenjiang,CN,49.1833,125.2167,50.23,59,100,14.72,overcast clouds
150,Iberia,US,29.9502,-91.7507,79.05,83,1,6.91,clear sky
151,Porto Novo,BJ,6.4965,2.6036,80.42,89,97,6.51,overcast clouds
152,Hovd,MN,48.0056,91.6419,31.87,43,83,7.27,broken clouds
153,Vila Velha,BR,-20.3297,-40.2925,69.75,88,90,4.61,overcast clouds
154,Mpika,ZM,-11.8343,31.4529,58.6,81,76,6.98,broken clouds
155,Kavieng,PG,-2.5744,150.7967,85.8,68,21,13.27,few clouds
156,Mao,ES,39.8885,4.2658,59.56,77,20,5.75,few clouds
157,Kodiak,US,57.79,-152.4072,44.11,76,90,0.0,light rain
158,New Norfolk,AU,-42.7826,147.0587,60.66,46,100,3.0,overcast clouds
159,Tazovskiy,RU,67.4667,78.7,24.69,79,100,13.96,overcast clouds
160,Tual,ID,-5.6667,132.75,83.17,75,47,1.81,scattered clouds
161,Acarau,BR,-2.8856,-40.12,78.85,76,58,18.57,broken clouds
162,Zhangye,CN,38.9342,100.4517,48.63,21,62,3.22,broken clouds
163,Dabeiba,CO,7.0017,-76.2672,72.84,100,100,0.74,overcast clouds
164,Abalak,RU,58.1286,68.5944,40.96,100,100,3.69,overcast clouds
165,Port Lincoln,AU,-34.7333,135.8667,56.01,58,99,18.54,overcast clouds
166,Bilibino,RU,68.0546,166.4372,6.76,85,11,2.89,few clouds
167,Alta Floresta,BR,-9.8756,-56.0861,75.97,72,44,1.14,scattered clouds
168,Xining,CN,36.6167,101.7667,43.14,47,100,3.65,overcast clouds
169,Nome,US,64.5011,-165.4064,39.27,75,75,9.22,broken clouds
170,Harlingen,US,26.1906,-97.6961,86.34,85,20,19.57,few clouds
171,Meadow Lake,US,34.8014,-106.5436,56.48,26,0,20.85,clear sky
172,Alofi,NU,-19.0595,-169.9187,78.69,61,75,9.22,broken clouds
173,Olafsvik,IS,64.8945,-23.7142,42.64,93,100,10.76,light rain
174,Miri,MY,4.4148,114.0089,82.54,83,20,6.91,few clouds
175,Aklavik,CA,68.2191,-135.0107,27.43,86,100,8.68,overcast clouds
176,Hofn,IS,64.2539,-15.2082,44.74,87,100,2.55,overcast clouds
177,Vardo,NO,70.3705,31.1107,42.01,82,100,17.92,overcast clouds
178,Rio Grande,BR,-32.035,-52.0986,64.94,93,100,7.7,overcast clouds
179,Ulaanbaatar,MN,47.9077,106.8832,30.33,80,0,0.0,clear sky
180,Cidreira,BR,-30.1811,-50.2056,65.59,92,35,21.12,scattered clouds
181,Murakami,JP,38.2333,139.4833,64.29,82,99,4.38,overcast clouds
182,Bentiu,SS,9.2333,29.8333,70.41,97,100,2.82,moderate rain
183,Mandalgovi,MN,45.7625,106.2708,39.49,44,0,13.11,clear sky
184,Snezhnogorsk,RU,69.1933,33.2531,35.38,90,92,14.58,overcast clouds
185,Lukovetskiy,RU,64.2956,41.9211,35.58,92,99,7.23,overcast clouds
186,Cherskiy,RU,68.75,161.3,8.2,87,80,1.16,broken clouds
187,Kupang,ID,-10.1667,123.5833,86.25,58,83,3.29,broken clouds
188,Half Moon Bay,US,37.4636,-122.4286,70.41,46,1,16.11,clear sky
189,Eastlake,US,41.6539,-81.4504,71.73,83,1,3.0,clear sky
190,Yermakovskoye,RU,53.2831,92.4003,31.8,96,100,4.27,light snow
191,Airai,TL,-8.9266,125.4092,77.58,43,79,2.46,broken clouds
192,Zakamensk,RU,50.3741,103.2863,34.93,77,44,1.61,scattered clouds
193,Palana,RU,59.1167,159.9667,35.98,71,98,26.75,light rain
194,Yerbogachen,RU,61.2767,108.0108,21.24,69,23,3.78,few clouds
195,Tilichiki,RU,60.4667,166.1,27.01,45,100,1.86,overcast clouds
196,Inta,RU,66.0317,60.1659,37.81,90,100,17.2,overcast clouds
197,Provideniya,RU,64.3833,-173.3,33.91,60,0,8.95,clear sky
198,Ekibastuz,KZ,51.6667,75.3667,41.0,68,100,13.51,overcast clouds
199,Buraydah,SA,26.326,43.975,75.65,18,0,8.97,clear sky
200,Mehamn,NO,71.0357,27.8492,41.54,77,100,26.53,overcast clouds
201,Haines Junction,CA,60.7522,-137.5108,39.15,81,100,1.14,overcast clouds
202,Pevek,RU,69.7008,170.3133,17.55,89,94,2.66,overcast clouds
203,Morondava,MG,-20.2833,44.2833,74.44,79,86,0.36,overcast clouds
204,Butaritari,KI,3.0707,172.7902,81.48,68,41,7.78,scattered clouds
205,Poum,NC,-20.2333,164.0167,75.13,83,0,17.43,clear sky
206,Tuatapere,NZ,-46.1333,167.6833,47.55,65,91,3.89,overcast clouds
207,Kerema,PG,-7.9631,145.7785,83.98,73,94,4.63,overcast clouds
208,Guerrero Negro,MX,27.9769,-114.0611,66.65,55,0,22.59,clear sky
209,Azua,DO,18.4532,-70.7349,75.06,84,100,2.1,overcast clouds
210,Kontagora,NG,10.3999,5.4695,75.42,62,61,2.35,broken clouds
211,Myitkyina,MM,25.3833,97.4,76.64,94,38,0.43,scattered clouds
212,Katsuura,JP,35.1333,140.3,67.1,88,100,19.89,overcast clouds
213,Pizarro,CO,4.9533,-77.366,76.51,90,94,2.13,overcast clouds
214,Castro,BR,-24.7911,-50.0119,57.11,94,1,4.36,clear sky
215,Verkhnevilyuysk,RU,63.4453,120.3167,21.72,72,95,9.28,overcast clouds
216,Paliyad,IN,22.25,71.5667,79.68,68,0,7.45,clear sky
217,Jilib,SO,0.4883,42.7854,72.66,88,94,4.83,overcast clouds
218,Avera,US,33.194,-82.5271,69.71,75,3,3.94,clear sky
219,Klaksvik,FO,62.2266,-6.589,49.12,98,100,12.15,overcast clouds
220,Dois Corregos,BR,-22.3661,-48.3803,78.15,57,81,6.82,broken clouds
221,Morwell,AU,-38.2333,146.4,65.41,79,100,4.45,overcast clouds
222,Grand-Santi,GF,4.25,-54.3833,73.58,96,10,3.11,clear sky
223,Teguise,ES,29.0605,-13.564,64.62,73,0,4.61,clear sky
224,Port Moresby,PG,-9.4431,147.1797,87.22,66,20,6.91,few clouds
225,Bocaiuva,BR,-17.1078,-43.815,69.51,86,72,7.47,broken clouds
226,Manado,ID,1.487,124.8455,88.57,62,20,2.3,few clouds
227,Kathu,TH,7.9178,98.3332,84.69,94,98,18.57,overcast clouds
228,Hithadhoo,MV,-0.6,73.0833,82.83,75,100,18.05,overcast clouds
229,Camana,PE,-16.6228,-72.7111,61.92,88,98,11.18,overcast clouds
230,Vangaindrano,MG,-23.35,47.6,64.06,78,76,1.36,broken clouds
231,Port Elizabeth,ZA,-33.918,25.5701,59.29,100,75,4.61,broken clouds
232,Gat,IL,31.61,34.7642,78.4,60,97,6.64,overcast clouds
233,Havoysund,NO,70.9963,24.6622,40.08,69,100,26.82,overcast clouds
234,Alyangula,AU,-13.8483,136.4192,84.52,61,27,6.22,scattered clouds
235,Sibolga,ID,1.7427,98.7792,80.73,76,80,0.31,broken clouds
236,Bambous Virieux,MU,-20.3428,57.7575,71.22,94,40,3.44,scattered clouds
237,Amahai,ID,-3.3333,128.9167,85.23,70,100,3.24,overcast clouds
238,Doka,SD,13.5167,35.7667,71.31,94,96,8.39,overcast clouds
239,Bengkulu,ID,-3.8004,102.2655,78.42,85,81,2.59,broken clouds
240,Belaya Gora,RU,68.5333,146.4167,19.67,76,100,9.37,overcast clouds
241,Jieshi,CN,22.8134,115.8257,77.95,85,100,29.75,light rain
242,Ahipara,NZ,-35.1667,173.1667,58.93,53,46,14.29,scattered clouds
243,Bako,ET,5.7833,36.5667,62.65,92,100,3.29,moderate rain
244,Saldanha,ZA,-33.0117,17.9442,59.05,97,100,6.71,overcast clouds
245,Maragogi,BR,-9.0122,-35.2225,75.6,78,30,9.17,scattered clouds
246,Guarapari,BR,-20.6667,-40.4975,69.69,90,91,5.55,overcast clouds
247,Te Horo,NZ,-40.8084,175.1233,49.68,86,100,10.0,moderate rain
248,Port Hedland,AU,-20.3167,118.5667,86.05,8,0,19.57,clear sky
249,Chokurdakh,RU,70.6333,147.9167,17.42,93,100,7.47,overcast clouds
250,Chiguayante,CL,-36.9167,-73.0167,52.32,82,75,3.44,broken clouds
251,Biloela,AU,-24.4167,150.5,86.2,41,2,11.34,clear sky
252,Rio Gallegos,AR,-51.6226,-69.2181,55.45,30,0,19.57,clear sky
253,Chuy,UY,-33.6971,-53.4616,60.26,97,100,5.61,overcast clouds
254,Puerto Quijarro,BO,-17.7833,-57.7667,83.39,61,21,1.54,few clouds
255,Khovu-Aksy,RU,51.1333,93.6,30.15,88,100,2.86,overcast clouds
256,Touros,BR,-5.1989,-35.4608,76.1,72,98,13.47,overcast clouds
257,Mlowo,TZ,-9.0,32.9833,61.9,81,99,3.29,light rain
258,Koumac,NC,-20.5667,164.2833,78.24,73,16,13.29,few clouds
259,Sao Gabriel Da Cachoeira,BR,-0.1303,-67.0892,73.72,98,100,0.43,moderate rain
260,Truro,GB,50.2653,-5.0544,54.68,94,82,5.75,broken clouds
261,Schoneiche,DE,52.4667,13.6833,43.93,83,20,6.91,few clouds
262,Sao Felix Do Xingu,BR,-6.6447,-51.995,77.74,76,42,0.67,scattered clouds
263,Nikolskoye,RU,59.7035,30.7861,42.87,91,100,4.9,light rain
264,Ormara,PK,25.2088,64.6357,80.2,30,0,8.5,clear sky
265,Portland,US,45.5234,-122.6762,54.45,76,90,1.99,light rain
266,Naryan-Mar,RU,67.6713,53.087,37.51,88,63,12.5,broken clouds
267,Shubarshi,KZ,48.5872,57.1869,41.81,54,0,8.32,clear sky
268,Tautira,PF,-17.7333,-149.15,84.22,74,48,15.99,scattered clouds
269,Saint-Joseph,RE,-21.3667,55.6167,71.98,89,55,5.91,broken clouds
270,Conceicao Do Araguaia,BR,-8.2578,-49.2647,84.45,54,100,1.61,overcast clouds
271,Liverpool,GB,53.4106,-2.9779,56.82,90,75,3.44,mist
272,Hearst,CA,49.6835,-83.6665,57.45,99,100,7.11,heavy intensity rain
273,Fortuna,US,40.5982,-124.1573,61.48,53,1,3.0,clear sky
274,Atar,MR,20.5169,-13.0499,84.83,19,15,4.85,few clouds
275,Dakoro,NE,14.5106,6.765,85.44,10,100,5.61,overcast clouds
276,Longyearbyen,SJ,78.2186,15.6401,28.24,93,75,11.5,light snow
277,Qaqortoq,GL,60.7167,-46.0333,37.58,71,89,3.6,overcast clouds
278,Buckeye,US,33.3703,-112.5838,70.16,19,0,6.91,clear sky
279,Corrales,US,35.2378,-106.6067,56.44,30,0,8.99,clear sky
280,Inuvik,CA,68.3499,-133.7218,27.61,83,75,11.5,broken clouds
281,Touho,NC,-20.7833,165.2333,76.59,77,45,8.75,scattered clouds
282,Madingou,CG,-4.1536,13.55,76.66,82,65,3.11,broken clouds
283,Turukhansk,RU,65.8167,87.9833,20.73,85,28,1.63,scattered clouds
284,Monrovia,LR,6.3005,-10.7969,77.79,86,100,3.11,overcast clouds
285,Bhasawar,IN,27.0333,77.0333,78.19,45,0,3.69,clear sky
286,Sakaiminato,JP,35.55,133.2333,69.73,100,75,17.27,broken clouds
287,Yaan,NG,7.3833,8.5667,76.24,87,31,4.56,scattered clouds
288,Jerome,US,42.7241,-114.5186,47.23,53,1,11.5,clear sky
289,San Patricio,US,28.017,-97.5169,84.61,82,6,17.34,clear sky
290,Terrace,CA,54.5163,-128.6035,46.31,76,40,23.02,shower rain
291,Sambava,MG,-14.2667,50.1667,72.16,87,100,8.41,light rain
292,Goya,AR,-29.14,-59.2626,71.64,53,7,9.37,clear sky
293,Padang,ID,-0.9492,100.3543,75.25,68,93,1.16,overcast clouds
294,Maniitsoq,GL,65.4167,-52.9,37.29,65,5,5.68,clear sky
295,Belmonte,BR,-15.8631,-38.8828,72.1,90,96,5.44,overcast clouds
296,Biak,ID,-0.9131,122.8766,83.17,68,98,3.6,overcast clouds
297,Sioux Lookout,CA,50.1001,-91.917,52.18,100,40,0.0,scattered clouds
298,Manokwari,ID,-0.8667,134.0833,84.76,68,25,3.56,scattered clouds
299,Nelson Bay,AU,-32.7167,152.15,67.1,73,100,3.0,overcast clouds
300,Samarai,PG,-10.6167,150.6667,82.53,76,97,8.99,overcast clouds
301,Sechura,PE,-5.5569,-80.8222,66.04,77,92,15.75,overcast clouds
302,Newcastle,AU,-32.9272,151.7765,66.81,68,75,10.36,broken clouds
303,Mackay,AU,-21.15,149.2,94.68,51,0,10.36,clear sky
304,Makat,KZ,47.6469,53.3463,46.54,57,54,13.27,broken clouds
305,Sarangani,PH,5.4033,125.4636,84.29,66,100,2.19,overcast clouds
306,Colac,AU,-38.3333,143.5833,61.63,68,99,11.9,overcast clouds
307,Kahului,US,20.8947,-156.47,83.46,80,40,25.32,scattered clouds
308,Nizwa,OM,22.9333,57.5333,78.04,33,0,2.39,clear sky
309,Bachaquero,VE,9.9694,-71.1494,81.9,80,94,5.5,overcast clouds
310,Sao Joao Da Barra,BR,-21.6403,-41.0511,69.42,88,57,9.55,broken clouds
311,Yarada,IN,17.65,83.2667,79.12,94,75,4.61,mist
312,Tura,IN,25.5198,90.2201,76.28,85,83,2.84,broken clouds
313,Kruisfontein,ZA,-34.0033,24.7314,54.88,87,98,3.56,overcast clouds
314,Suntar,RU,62.1444,117.6319,25.12,59,24,9.28,few clouds
315,Victor Harbor,AU,-35.5667,138.6167,59.09,71,2,3.0,light rain
316,Faya,SA,18.3851,42.4509,60.91,19,94,4.59,overcast clouds
317,Mocuba,MZ,-16.8392,36.9856,64.38,86,0,1.21,clear sky
318,Quatre Cocos,MU,-20.2078,57.7625,71.1,87,19,5.82,few clouds
319,Amalapuram,IN,16.5833,82.0167,79.18,92,75,2.55,broken clouds
320,Linxia,CN,35.6003,103.2064,48.22,51,100,0.89,overcast clouds
321,Fraserburgh,GB,57.6874,-2.0184,54.12,87,100,8.08,overcast clouds
322,Barabinsk,RU,55.3571,78.357,32.77,98,100,6.38,overcast clouds
323,Moa,CU,20.6569,-74.9403,78.66,86,2,2.62,clear sky
324,Carauari,BR,-4.8828,-66.8958,76.91,90,60,2.48,broken clouds
325,Mahibadhoo,MV,3.7833,72.9667,83.19,74,26,16.13,scattered clouds
326,Concordia,AR,-31.393,-58.0209,66.78,79,51,3.0,broken clouds
327,Santiago Del Estero,AR,-27.7951,-64.2615,83.8,39,0,10.94,clear sky
328,Dingle,PH,10.9995,122.6711,83.64,79,85,14.18,overcast clouds
329,Yongchang,CN,30.0381,119.7317,65.57,95,100,1.79,light rain
330,Coahuayana,MX,18.7333,-103.6833,79.3,89,100,1.57,overcast clouds
331,Voznesenskoye,RU,54.89,42.7569,48.2,55,100,8.28,overcast clouds
332,San Vicente,AR,-26.6167,-54.1333,59.95,93,16,2.51,few clouds
333,Panambi,BR,-28.2925,-53.5017,70.43,82,0,5.53,clear sky
334,Eyl,SO,7.9803,49.8164,78.39,77,100,17.18,overcast clouds
335,Karakulino,RU,56.012,53.7067,41.25,79,12,4.16,few clouds
336,Flin Flon,CA,54.7682,-101.865,35.2,80,7,3.56,clear sky
337,La Paz,BO,-16.5,-68.15,53.58,43,75,5.75,broken clouds
338,Bratsk,RU,56.1325,101.6142,25.29,52,100,5.03,overcast clouds
339,Nizhniy Ufaley,RU,55.9153,59.9842,40.06,92,99,3.53,overcast clouds
340,Chernaya Kholunitsa,RU,58.8511,51.7154,38.3,91,82,5.46,broken clouds
341,Luklukan,PH,14.3254,122.7124,80.55,84,100,5.41,overcast clouds
342,Aswan,EG,24.0934,32.907,88.9,27,0,11.5,clear sky
343,Strezhevoy,RU,60.7333,77.5889,30.18,86,88,7.4,overcast clouds
344,Porto Franco,BR,-6.3383,-47.3992,82.24,59,26,3.62,scattered clouds
345,Barinitas,VE,8.7622,-70.4111,71.42,96,98,2.62,overcast clouds
346,Majene,ID,-3.5403,118.9707,84.36,72,100,7.09,overcast clouds
347,Vuktyl,RU,63.8567,57.3094,37.69,92,100,7.87,overcast clouds
348,Tanabe,JP,33.7333,135.3667,78.01,78,75,2.3,broken clouds
349,Andijon,UZ,40.7821,72.3442,45.68,37,0,4.45,clear sky
350,Matara,LK,5.9485,80.5353,79.39,84,100,11.25,overcast clouds
351,Punta Alta,AR,-38.8759,-62.0736,65.88,65,100,14.27,overcast clouds
352,Mudgee,AU,-32.5943,149.5871,59.05,88,90,4.61,overcast clouds
353,Isabela,PH,6.7085,121.9711,82.45,68,83,4.14,broken clouds
354,Ancud,CL,-41.8697,-73.8203,51.42,93,100,8.86,overcast clouds
355,Nogliki,RU,51.8333,143.1667,53.56,64,100,16.44,overcast clouds
356,Puerto Maldonado,PE,-12.6,-69.1833,80.37,70,26,2.26,light rain
357,Laguna,US,38.421,-121.4238,71.89,16,1,4.0,clear sky
358,La Cruz,MX,23.9167,-106.9,79.14,82,100,5.03,overcast clouds
359,Callaguip,PH,18.0714,120.4867,78.82,89,75,4.61,broken clouds
360,Balgazyn,RU,51.0,95.2,33.93,85,100,4.32,overcast clouds
361,Mbandaka,CD,0.0487,18.2603,70.21,94,74,2.24,broken clouds
362,Saint Anthony,US,45.0205,-93.218,62.92,81,75,3.44,broken clouds
363,Tafresh,IR,34.692,50.013,48.2,27,4,1.68,clear sky
364,Satipo,PE,-11.2522,-74.6386,79.83,60,95,2.44,overcast clouds
365,Bathsheba,BB,13.2167,-59.5167,83.01,78,40,19.57,scattered clouds
366,Mattru,SL,7.6244,-11.8332,74.57,98,100,1.01,light rain
367,Puerto Leguizamo,CO,-0.1934,-74.7819,72.25,99,100,3.38,overcast clouds
368,Hasaki,JP,35.7333,140.8333,64.8,84,100,20.2,overcast clouds
369,Port Macquarie,AU,-31.4333,152.9167,64.36,71,100,10.47,overcast clouds
370,Martyush,RU,56.4,61.8819,44.19,93,100,6.26,overcast clouds
371,Kemijarvi,FI,66.7131,27.4306,33.55,93,93,4.18,overcast clouds
372,Bandarbeyla,SO,9.4942,50.8122,78.01,86,100,17.43,overcast clouds
373,Leticia,CO,-4.2153,-69.9406,77.05,94,75,2.3,light rain
374,Sitka,US,57.0531,-135.33,49.89,76,90,21.85,light rain
375,Komsomolskiy,UZ,40.4272,71.7189,43.52,70,0,4.61,clear sky
376,Dali,CN,25.7,100.1833,64.51,78,45,2.82,scattered clouds
377,Paita,PE,-5.0892,-81.1144,65.07,82,95,15.68,overcast clouds
378,Shizunai,JP,42.3339,142.3669,58.86,63,0,5.37,clear sky
379,Voi,KE,-3.3945,38.563,69.82,83,100,8.03,overcast clouds
380,Saint-Francois,FR,46.4154,3.9054,47.64,93,0,3.44,clear sky
381,Troitskoye,RU,52.9821,84.6757,30.67,75,100,4.7,overcast clouds
382,Lithakia,GR,37.7167,20.8333,62.58,66,48,14.12,scattered clouds
383,Labuhan,ID,-6.8844,112.2051,83.86,58,100,8.57,overcast clouds
384,Karla,EE,59.3723,24.9275,43.14,89,90,2.3,light intensity drizzle
385,Farah,AF,32.5,62.5,50.52,23,0,2.24,clear sky
386,Celestun,MX,20.8667,-90.4,81.3,76,0,14.83,clear sky
387,Weinan,CN,34.5036,109.5089,53.29,76,26,3.58,scattered clouds
388,Mamou,GN,10.5,-12.0,68.7,94,80,1.52,broken clouds
389,Biltine,TD,14.5333,20.9167,87.71,35,100,11.41,overcast clouds
390,Kandry,RU,54.5667,54.1167,43.03,76,6,4.97,clear sky
391,Arlit,NE,18.7369,7.3853,81.68,11,20,3.65,few clouds
392,Carmarthen,GB,51.8555,-4.3054,55.51,94,100,4.81,overcast clouds
393,Griffith,US,41.5284,-87.4237,64.35,100,1,0.0,clear sky
394,Candelaria,PH,13.9311,121.4233,78.39,94,100,2.64,overcast clouds
395,Key West,US,24.5557,-81.7826,84.2,67,20,10.36,few clouds
396,Chernyshevskiy,RU,63.0128,112.4714,19.54,69,13,8.41,few clouds
397,Lyantonde,UG,-0.4031,31.1572,61.93,89,44,3.91,scattered clouds
398,Slave Lake,CA,55.2834,-114.769,48.18,34,1,8.05,clear sky
399,Abancay,PE,-13.6339,-72.8814,64.11,74,100,4.61,overcast clouds
400,Kampong Thum,KH,12.7111,104.8887,78.73,91,100,6.6,overcast clouds
401,Waddan,LY,29.1614,16.139,64.81,56,0,3.31,clear sky
402,Bac Lieu,VN,9.285,105.7244,80.06,86,100,12.26,overcast clouds
403,Richards Bay,ZA,-28.783,32.0377,66.33,69,95,4.25,overcast clouds
404,Esso,RU,55.9333,158.7,33.39,89,89,5.68,light snow
405,Jumla,NP,29.2747,82.1838,53.46,72,99,4.34,overcast clouds
406,Kozhva,RU,65.1073,57.0459,36.45,93,100,7.78,overcast clouds
407,Fatezh,RU,52.0891,35.8632,46.38,86,100,7.56,light rain
408,Miles City,US,46.4083,-105.8406,34.52,100,90,10.36,light snow
409,Ulagan,RU,50.6321,87.9563,24.08,95,100,1.59,overcast clouds
410,Corvallis,US,44.5646,-123.262,55.76,84,90,4.61,overcast clouds
411,Itarema,BR,-2.9248,-39.9167,78.78,75,76,17.2,broken clouds
412,Lagos,NG,6.5833,3.75,80.92,92,11,4.94,few clouds
413,Anniston,US,33.6598,-85.8316,72.77,83,1,0.0,clear sky
414,Teya,RU,60.3778,92.6267,24.82,81,100,1.61,overcast clouds
415,Tammisaari,FI,59.9736,23.4339,44.94,97,100,3.53,overcast clouds
416,Buala,SB,-8.145,159.5921,86.72,63,100,5.17,overcast clouds
417,Hazorasp,UZ,41.3194,61.0742,37.24,39,0,9.93,clear sky
418,Guymon,US,36.6828,-101.4816,75.2,60,1,19.57,clear sky
419,Tres Picos,MX,15.8667,-93.5333,79.84,86,20,0.81,few clouds
420,Reconquista,AR,-29.15,-59.65,72.45,49,10,11.43,light rain
421,Vao,NC,-22.6667,167.4833,70.38,84,100,17.52,light rain
422,San Juan,AR,-31.5375,-68.5364,79.47,25,100,13.94,overcast clouds
423,Gouyave,GD,12.1646,-61.7296,83.17,79,20,16.11,few clouds
424,Sistranda,NO,63.7256,8.834,42.91,62,85,19.3,overcast clouds
425,Husavik,IS,66.0449,-17.3389,33.71,93,100,2.82,overcast clouds
426,Norrtalje,SE,59.758,18.705,44.02,78,100,9.62,overcast clouds
427,Alpena,US,45.0617,-83.4327,63.95,97,75,1.01,broken clouds
428,Minab,IR,27.1467,57.0801,69.3,10,0,6.71,clear sky
429,Nouadhibou,MR,20.931,-17.0347,67.98,88,0,13.8,clear sky
430,Muros,ES,42.7762,-9.0603,65.23,81,0,6.82,clear sky
431,Superior,US,46.7208,-92.1041,62.76,86,90,3.44,overcast clouds
432,Sinnamary,GF,5.3833,-52.95,79.72,84,100,9.1,overcast clouds
433,Egvekinot,RU,66.3167,-179.1667,20.61,83,100,13.58,overcast clouds
434,Haysyn,UA,48.8114,29.3898,45.57,79,100,5.28,overcast clouds
435,Palmer,US,42.1584,-72.3287,61.93,84,20,0.0,few clouds
436,Baijiantan,CN,45.6333,85.1833,43.83,59,5,10.38,clear sky
437,Beirut,LB,33.8889,35.4944,75.38,78,40,8.05,scattered clouds
438,Mitsamiouli,KM,-11.3847,43.2844,76.06,83,11,4.65,few clouds
439,Wilmington,US,34.2257,-77.9447,70.92,83,90,4.61,overcast clouds
440,San Joaquin,US,37.9333,-121.3011,70.63,18,1,13.8,clear sky
441,Grand Gaube,MU,-20.0064,57.6608,71.38,87,10,3.0,clear sky
442,Pitea,SE,65.3172,21.4794,37.49,85,31,5.14,scattered clouds
443,Ilulissat,GL,69.2167,-51.1,24.82,80,64,0.0,broken clouds
444,Kamenka,RU,51.3223,42.7678,51.37,41,100,13.85,overcast clouds
445,Biskamzha,RU,53.4497,89.5272,25.56,98,100,3.4,overcast clouds
446,Lappeenranta,FI,61.0587,28.1887,42.85,99,90,3.44,shower rain
447,Paris,FR,48.8534,2.3488,53.15,90,75,1.99,broken clouds
448,Ostrovnoy,RU,68.0531,39.5131,42.75,86,100,18.14,overcast clouds
449,Rafaela,AR,-31.2503,-61.4867,73.0,47,17,1.99,few clouds
450,Lethem,GY,3.3803,-59.7968,82.83,62,8,5.06,clear sky
451,Pangody,RU,65.85,74.4859,27.68,95,100,15.21,light snow
452,Esperance,AU,-33.8667,121.9,57.04,68,96,22.59,overcast clouds
453,Sorland,NO,67.667,12.6934,43.88,60,100,13.29,overcast clouds
454,Namibe,AO,-15.1961,12.1522,67.98,89,3,4.45,clear sky
455,The Pas,CA,53.8251,-101.2541,41.02,81,75,9.22,broken clouds
456,Port Hawkesbury,CA,45.6169,-61.3485,57.18,97,1,3.0,light rain
457,Laredo,US,27.5064,-99.5075,93.85,49,1,14.97,clear sky
458,Middelburg,ZA,-25.7751,29.4648,61.97,27,4,1.41,clear sky
459,Villarrica,PY,-25.75,-56.4333,68.9,71,10,3.69,clear sky
460,Colares,PT,38.7992,-9.4469,71.8,59,0,8.99,clear sky
461,Awbari,LY,26.5921,12.7805,63.7,40,0,5.88,clear sky
462,Vila,PT,42.0304,-8.1588,54.32,37,0,4.56,clear sky
463,Ust-Tsilma,RU,65.441,52.1498,38.34,88,100,7.07,overcast clouds
464,Petropavlovsk-Kamchatskiy,RU,53.0452,158.6483,50.59,46,75,11.18,broken clouds
465,Antalya,TR,36.7741,30.7178,66.79,59,40,12.66,scattered clouds
466,Havre-Saint-Pierre,CA,50.2334,-63.5986,54.19,94,90,9.22,overcast clouds
467,Magadi,IN,12.9667,77.2333,68.34,97,100,4.68,overcast clouds
468,Ortakoy,TR,38.7373,34.0387,50.25,54,11,19.01,few clouds
469,Namatanai,PG,-3.6667,152.4333,86.43,61,56,8.66,broken clouds
470,Porto Velho,BR,-8.7619,-63.9039,80.65,78,0,0.0,clear sky
471,Hay River,CA,60.8156,-115.7999,46.38,53,75,4.61,broken clouds
472,Enshi,CN,30.3,109.4833,62.35,77,100,1.36,overcast clouds
473,Coquimbo,CL,-29.9533,-71.3436,55.13,76,0,8.05,clear sky
474,Bud,US,39.447,-86.1758,62.69,95,7,5.23,clear sky
475,Leshukonskoye,RU,64.8989,45.7622,39.07,89,100,7.87,overcast clouds
476,Ploemeur,FR,47.7333,-3.4333,49.35,95,0,4.61,clear sky
477,Merced,US,37.1666,-120.7516,68.58,14,0,7.34,clear sky
478,Missungwi,TZ,-2.85,33.0833,72.14,56,95,2.15,overcast clouds
479,Lavrentiya,RU,65.5833,-171.0,33.28,77,100,14.07,overcast clouds
480,Thunder Bay,CA,48.4001,-89.3168,60.78,90,75,5.75,broken clouds
481,Kamaishi,JP,39.2667,141.8833,58.15,83,100,9.84,overcast clouds
482,Okhotsk,RU,59.3833,143.3,29.35,51,0,36.84,clear sky
483,Ocumare Del Tuy,VE,10.1165,-66.7761,82.53,92,99,1.32,overcast clouds
484,Caravelas,BR,-17.7125,-39.2481,71.13,87,98,6.29,overcast clouds
485,Comodoro Rivadavia,AR,-45.8667,-67.5,51.66,58,0,5.75,clear sky
486,Dafeng,CN,23.4517,108.5881,67.64,70,100,13.51,light rain
487,Kiama,AU,-34.6833,150.8667,62.46,84,100,12.1,overcast clouds
488,Santa Vitoria,BR,-18.8386,-50.1214,75.83,69,0,1.05,clear sky
489,Saint George,US,37.1041,-113.5841,54.43,56,90,1.01,overcast clouds
490,Ulety,RU,51.3572,112.4849,39.56,76,78,10.07,broken clouds
491,Veraval,IN,20.9,70.3667,80.98,75,0,8.57,clear sky
492,Warmbad,NA,-28.45,18.7333,69.22,15,100,4.14,overcast clouds
493,Kyra,RU,49.5776,111.9753,40.68,58,6,5.75,clear sky
494,Kutum,SD,14.2,24.6667,74.05,63,100,11.61,overcast clouds
495,Katangli,RU,51.7102,143.2326,53.19,62,100,16.33,overcast clouds
496,Gorkovskiy,RU,45.6542,41.199,52.45,91,0,15.21,clear sky
497,Ust-Nera,RU,64.5667,143.2,17.91,77,100,7.0,overcast clouds
498,Aketi,CD,2.7388,23.7833,66.43,95,76,1.25,broken clouds
499,Taksimo,RU,56.3444,114.8794,25.79,58,100,3.53,overcast clouds
500,Axim,GH,4.8699,-2.2405,77.95,91,53,8.08,broken clouds
501,Moree,AU,-29.4667,149.85,71.62,64,90,12.66,overcast clouds
502,Skjervoy,NO,70.0311,20.9714,41.65,76,100,23.33,overcast clouds
503,Jermuk,AM,39.8417,45.6723,47.75,40,0,2.13,clear sky
504,Nikki,BJ,9.9401,3.2108,75.38,72,100,5.08,overcast clouds
505,Waipawa,NZ,-41.4122,175.5153,47.03,95,100,24.02,light rain
506,Copiapo,CL,-27.3667,-70.3333,53.29,77,100,3.13,overcast clouds
507,Kavaratti,IN,10.5669,72.642,82.33,80,100,20.22,light rain
508,Nuuk,GL,64.1835,-51.7216,34.41,93,6,10.36,clear sky
509,Kaseda,JP,31.4167,130.3167,79.84,72,100,6.82,light rain
510,Sao Luis,BR,-2.5297,-44.3028,82.6,69,0,10.36,clear sky
511,Keti Bandar,PK,24.1447,67.4497,80.15,63,0,4.72,clear sky
512,Ziro,IN,27.6333,93.8333,59.56,76,5,2.68,clear sky
513,Ugoofaaru,MV,5.6667,73.0,83.08,76,46,16.04,scattered clouds
514,Los Llanos De Aridane,ES,28.6585,-17.9182,65.95,84,0,5.75,clear sky
515,Krasne,UA,49.9145,24.6134,33.15,91,63,4.56,broken clouds
516,Fare,PF,-16.7,-151.0167,79.63,80,100,15.39,light rain
517,Coihaique,CL,-45.5752,-72.0662,51.75,66,75,3.44,light rain
518,Luanda,AO,-8.8368,13.2343,75.2,88,20,4.61,few clouds
519,Pacific Grove,US,36.6177,-121.9166,69.75,60,1,4.0,clear sky
520,Santarem,BR,-2.4431,-54.7083,82.53,78,0,5.75,clear sky
521,Jalu,LY,29.0331,21.5482,69.22,61,0,10.92,clear sky
522,Camacha,PT,33.0833,-16.3333,65.62,68,20,6.91,few clouds
523,Alcudia,ES,39.8532,3.1214,60.37,59,48,2.44,scattered clouds
524,Onega,RU,63.9061,38.1404,39.34,88,63,8.46,broken clouds
525,Matamoros,MX,25.5333,-103.25,91.11,22,100,9.26,overcast clouds
526,Quang Ngai,VN,15.1167,108.8,78.87,80,100,5.12,light rain
527,Marsa Matruh,EG,31.3525,27.2453,70.0,88,0,3.44,clear sky
528,Vila Franca Do Campo,PT,37.7167,-25.4333,66.61,88,100,1.77,overcast clouds
529,Kieta,PG,-6.2167,155.6333,84.65,67,94,5.08,overcast clouds
530,Bay Roberts,CA,47.5999,-53.2648,49.33,89,100,5.01,overcast clouds
531,Tanete,ID,-3.9443,119.7848,85.64,67,100,8.61,overcast clouds
532,Brae,GB,60.3964,-1.353,48.11,83,100,11.12,overcast clouds
533,Malmesbury,ZA,-33.4608,18.7271,61.75,87,100,2.68,overcast clouds
534,Westport,US,41.1415,-73.3579,65.25,93,0,2.19,clear sky
535,Ambilobe,MG,-13.2,49.05,72.28,83,99,2.28,overcast clouds
536,Pimentel,PE,-6.8367,-79.9342,63.9,85,100,17.13,overcast clouds
537,Necochea,AR,-38.5473,-58.7368,57.04,97,100,8.12,overcast clouds
538,Bandrele,YT,-12.9067,45.1914,78.55,83,90,10.36,overcast clouds
539,Dawlatabad,AF,36.4141,64.9053,47.12,39,0,0.29,clear sky
540,Pervomayskoye,RU,43.919,46.7102,60.48,71,61,19.48,broken clouds
541,Cockburn Town,TC,21.4612,-71.1419,82.22,78,100,14.27,overcast clouds
542,Yagodnoye,RU,62.55,149.6667,20.79,92,100,3.44,light snow
543,Grigiskes,LT,54.6833,25.0833,40.53,100,90,5.75,fog
544,Berdigestyakh,RU,62.0989,126.6992,24.66,70,100,9.6,overcast clouds
545,Myaundzha,RU,63.0494,147.1858,19.76,84,100,11.39,light snow
546,Pisco,PE,-13.7,-76.2167,62.65,77,0,16.11,clear sky
547,Mullovka,RU,54.2,49.4,42.62,67,90,6.76,overcast clouds
548,Itoman,JP,26.1247,127.6694,86.02,79,75,19.57,broken clouds
549,Dryden,CA,49.7833,-92.7503,52.09,76,1,5.75,clear sky
550,Dukat,RU,62.55,155.55,20.97,87,85,3.06,overcast clouds
551,Paranaiba,BR,-19.6772,-51.1908,76.87,58,0,3.87,clear sky
552,Harsum,DE,52.2104,9.9649,45.54,95,68,5.03,broken clouds
553,Lodja,CD,-3.4833,23.4333,67.96,98,81,1.23,broken clouds
554,Roma,US,43.2128,-75.4557,67.84,80,1,0.0,clear sky
555,Yangjiang,CN,21.85,111.9667,74.19,75,100,34.25,overcast clouds
556,Lardos,GR,36.0942,28.0157,69.62,74,1,11.07,clear sky
557,Presidente Medici,BR,-11.1753,-61.9014,79.81,72,27,5.61,moderate rain
558,Naspur,IN,18.8333,79.45,72.61,79,98,3.74,overcast clouds
559,Hellvik,NO,59.9156,5.781,44.78,75,99,1.01,overcast clouds
560,Makinsk,KZ,52.6292,70.4169,35.13,78,100,7.72,overcast clouds
561,Anakapalle,IN,17.6833,83.0167,78.75,87,93,2.46,overcast clouds
562,Talara,PE,-4.5772,-81.2719,64.31,89,97,18.54,overcast clouds
563,Maceio,BR,-9.6658,-35.7353,76.44,88,20,6.91,few clouds
564,Bilma,NE,18.6853,12.9164,80.11,13,5,13.82,clear sky
565,Hokitika,NZ,-42.7167,170.9667,55.78,43,99,6.35,overcast clouds
566,Pachino,IT,36.7186,15.0907,63.59,67,1,11.01,clear sky
567,Pokhara,NP,28.2333,83.9833,66.9,39,0,8.84,clear sky
568,Shingu,JP,33.7333,135.9833,77.99,79,100,5.08,overcast clouds
569,Gdansk,PL,54.3521,18.6464,44.08,97,75,5.75,broken clouds
570,Mwandiga,TZ,-4.83,29.6581,74.17,56,14,3.87,few clouds
571,Ilinge,ZA,-31.9768,27.0427,61.97,42,34,2.1,scattered clouds
572,Hambantota,LK,6.1241,81.1185,75.54,100,100,5.75,overcast clouds
573,Zambezi,ZM,-13.5432,23.1047,65.25,39,0,5.1,clear sky
574,Gizo,SB,-8.103,156.8419,85.59,67,73,10.11,broken clouds
575,Kysyl-Syr,RU,63.8986,122.7617,23.07,80,100,7.72,overcast clouds
576,Boguchany,RU,58.3814,97.4531,23.56,57,100,2.26,overcast clouds
577,Daru,PG,-9.0763,143.2092,83.28,77,53,8.28,broken clouds
578,Bhum,IN,18.4667,75.6667,71.47,68,100,6.35,overcast clouds
579,Baculin,PH,7.4525,126.5842,86.47,66,100,2.39,overcast clouds
580,Denison,US,33.7557,-96.5367,78.21,86,75,3.0,broken clouds
581,Tahe,CN,52.3333,124.7333,42.89,75,100,0.58,overcast clouds
582,Chabahar,IR,25.2919,60.643,80.04,46,0,3.49,clear sky
583,Kudahuvadhoo,MV,2.6708,72.8944,83.52,72,31,16.64,scattered clouds
584,Cienaga De Oro,CO,8.8744,-75.6203,76.64,94,79,7.11,heavy intensity rain
585,Whitehorse,CA,60.7161,-135.0538,40.01,74,75,15.01,broken clouds
586,Mapimi,MX,25.8167,-103.85,88.18,49,100,16.64,overcast clouds
587,Dese,ET,11.1333,39.6333,54.52,81,74,1.32,light rain
588,Talen,IN,23.5667,76.7167,72.45,65,0,3.62,clear sky
589,Mount Gambier,AU,-37.8333,140.7667,58.91,63,75,12.66,broken clouds
590,Ostersund,SE,63.1792,14.6357,36.05,87,100,12.66,overcast clouds
591,Perbaungan,ID,3.5679,98.956,78.91,83,100,2.53,overcast clouds
592,Fillan,NO,63.6064,8.9696,42.39,66,91,14.5,overcast clouds
593,Beidao,CN,34.5686,105.8933,50.04,94,100,0.51,overcast clouds
594,Chifeng,CN,42.2683,118.9636,50.79,46,100,5.59,overcast clouds
595,Shelburne,CA,44.0787,-80.2041,66.65,88,45,7.92,scattered clouds
596,Kutulik,RU,53.3508,102.7839,30.36,89,87,8.41,overcast clouds
597,Baglan,AF,36.1307,68.7083,47.79,41,0,1.77,clear sky
598,Hede,CN,33.7681,120.2517,68.11,83,100,11.14,light rain
599,Hamilton,US,39.1834,-84.5333,66.99,82,1,1.01,clear sky
600,Andrews,US,32.3187,-102.5457,85.95,34,1,20.71,clear sky
601,Kuah,MY,6.3265,99.8432,84.18,79,20,3.44,few clouds
602,Nishihara,JP,26.1842,127.7558,85.28,82,75,17.27,broken clouds
603,Novikovo,RU,51.1537,37.8879,49.53,79,100,5.55,light rain
604,Kimbe,PG,-5.5502,150.1429,89.19,60,95,6.04,overcast clouds
605,Zeya,RU,53.75,127.2667,42.87,72,100,5.66,overcast clouds
606,Ginir,ET,7.1333,40.7,56.89,82,82,4.18,broken clouds
607,Marovoay,MG,-16.1,46.6333,71.74,69,0,3.83,clear sky
608,Santa Cruz,BO,-17.8,-63.1667,80.06,74,20,5.75,few clouds
609,Rosarito,MX,32.3333,-117.0333,66.42,37,0,10.11,clear sky
610,Loncoche,CL,-39.3667,-72.6333,53.38,82,100,2.26,overcast clouds
611,Basak,PH,6.7274,124.1512,83.23,61,73,1.34,broken clouds
612,Sept-Iles,CA,50.2001,-66.3821,55.92,92,90,1.01,overcast clouds
613,Takoradi,GH,4.8845,-1.7554,77.43,93,53,8.01,broken clouds
614,Nago,JP,26.5881,127.9761,86.07,83,99,16.06,overcast clouds
615,Katete,UG,-0.7818,29.7544,59.2,96,87,3.15,overcast clouds
616,Shimoda,JP,34.6667,138.95,68.11,86,100,16.91,overcast clouds
617,Bayir,TR,37.2687,28.2167,54.12,95,25,4.36,scattered clouds
618,Semey,KZ,50.4111,80.2275,34.02,75,75,6.71,broken clouds
619,Sumbe,AO,-11.2061,13.8437,73.94,84,36,2.26,scattered clouds
620,Lebedinyy,RU,58.5167,125.5167,17.02,76,11,5.82,few clouds
621,Riohacha,CO,11.5444,-72.9072,81.23,87,92,4.47,overcast clouds
622,Itamaraca,BR,-7.7478,-34.8256,80.65,77,81,8.23,broken clouds
623,Lasem,ID,-6.6922,111.4527,83.34,58,100,5.91,overcast clouds
624,Kankon,IN,15.0167,74.0167,76.8,87,75,5.53,broken clouds
625,Kidal,ML,18.4411,1.4078,83.59,13,98,9.95,overcast clouds
626,Kemin,KG,42.7846,75.6892,39.49,39,0,9.01,clear sky
627,Hirara,JP,24.8,125.2833,86.27,84,75,12.66,broken clouds
628,General Roca,AR,-39.0333,-67.5833,70.2,21,0,5.84,clear sky
629,Lahat,ID,-3.8,103.5333,77.36,93,100,0.47,moderate rain
630,Jishou,CN,28.3167,109.7167,62.73,70,95,2.53,overcast clouds
631,Kamina,CD,-8.7386,24.9906,64.69,86,6,4.45,clear sky
632,Port Augusta,AU,-32.5,137.7667,59.14,36,100,17.87,overcast clouds
633,Caranavi,BO,-15.8167,-67.55,67.53,93,100,1.7,overcast clouds
634,Wanning,CN,18.8003,110.3967,70.0,92,100,29.37,moderate rain
635,Kyshtovka,RU,56.555,76.6271,32.13,97,100,3.67,overcast clouds
636,Mercedes,AR,-34.6515,-59.4307,65.86,92,100,7.23,overcast clouds
637,Polunochnoye,RU,60.8697,60.4153,36.73,85,99,3.78,overcast clouds
638,Margate,GB,51.3813,1.3862,50.7,74,16,1.99,few clouds
639,Emba,KZ,48.8264,58.1442,41.86,50,2,7.05,clear sky
640,Beringovskiy,RU,63.05,179.3167,21.67,79,22,11.63,few clouds
641,Parkes,AU,-33.1333,148.1833,66.34,68,100,3.0,overcast clouds
642,Baykit,RU,61.67,96.37,24.28,77,100,1.3,overcast clouds
643,Ixtapa,MX,20.7,-105.2,78.76,85,100,1.25,overcast clouds
644,Rafraf,TN,37.1904,10.1837,62.91,67,39,16.78,scattered clouds
645,Toora-Khem,RU,52.4675,96.11,29.57,84,100,4.38,overcast clouds
646,Moron,AR,-34.6534,-58.6198,66.09,84,100,1.01,light rain
647,Andenes,NO,69.3143,16.1194,39.18,87,100,16.11,overcast clouds
648,Adrar,MR,20.5022,-10.0711,85.15,12,99,4.56,overcast clouds
649,Ayer Tawar,MY,4.2954,100.7548,79.09,83,20,0.0,few clouds
650,Abu Dhabi,AE,24.4667,54.3667,82.51,54,0,1.14,clear sky
651,San Cristobal,VE,7.7669,-72.225,78.98,92,99,3.44,overcast clouds
652,Denton,US,33.2001,-97.1336,82.63,79,100,1.99,overcast clouds
653,Araouane,ML,18.9048,-3.5265,85.44,10,5,5.37,clear sky
654,Dentsville,US,34.064,-80.9582,69.4,89,0,2.53,clear sky
655,Mizdah,LY,31.4451,12.9801,63.19,44,21,4.99,few clouds
656,Barcelos,PT,41.5388,-8.6151,63.84,51,0,5.88,clear sky
657,Klyuchi,RU,52.2667,79.1667,36.32,84,100,8.9,light rain
658,Fort Nelson,CA,58.8053,-122.7002,44.19,65,75,8.05,broken clouds
659,Brunswick,US,41.2381,-81.8418,69.85,80,99,1.01,overcast clouds
660,Serenje,ZM,-13.2325,30.2352,57.9,65,1,6.58,clear sky
661,Christchurch,NZ,-43.5333,172.6333,48.9,78,75,13.0,light rain
662,Katubao,PH,5.8892,124.8294,86.0,62,100,1.45,overcast clouds
663,Honningsvag,NO,70.9821,25.9704,42.64,65,92,29.19,overcast clouds
664,Severomuysk,RU,56.1481,113.4267,13.59,80,100,4.23,overcast clouds
665,Otane,NZ,-39.8833,176.6333,60.01,58,100,16.33,overcast clouds
666,Novyy Urengoy,RU,66.0833,76.6333,26.74,74,100,14.38,overcast clouds
667,Sai Buri,TH,6.7013,101.6168,76.71,73,100,6.46,overcast clouds
668,Acapulco,MX,16.8634,-99.8901,81.48,86,25,6.49,scattered clouds
669,Santa Maria Del Oro,MX,25.9333,-105.3667,62.74,76,100,8.63,overcast clouds
670,Castlerea,IE,53.7667,-8.5,51.03,95,69,3.49,broken clouds
671,Erdenet,MN,49.0333,104.0833,35.29,56,6,3.06,clear sky
672,Corn Island,NI,12.1694,-83.0418,83.19,75,22,11.45,few clouds
673,Takaka,NZ,-40.85,172.8,60.57,42,100,3.38,overcast clouds
674,Hobyo,SO,5.3505,48.5268,78.12,82,100,20.11,overcast clouds
675,Pontes E Lacerda,BR,-15.2261,-59.3353,79.92,66,54,3.13,broken clouds
676,Peachland,CA,49.7665,-119.7357,52.99,51,100,1.5,overcast clouds
677,Asau,RO,46.4333,26.4,45.75,77,100,1.77,overcast clouds
678,Arnold,GB,53.0,-1.1333,52.5,87,75,1.45,broken clouds
679,Peleduy,RU,59.6289,112.7406,22.05,72,33,1.86,scattered clouds
680,Pallasovka,RU,50.05,46.8833,47.98,48,85,11.95,overcast clouds
681,Mayumba,GA,-3.432,10.6554,76.5,91,99,5.23,overcast clouds
682,Goderich,CA,43.7501,-81.7165,66.52,77,87,11.5,overcast clouds
683,San Quintin,MX,30.4833,-115.95,64.0,48,0,17.31,clear sky
684,Berlevag,NO,70.8578,29.0864,41.79,79,100,26.33,overcast clouds
685,Ossora,RU,59.2353,163.0719,39.88,61,98,9.06,overcast clouds
686,Shache,CN,38.4167,77.2406,49.77,22,71,3.62,broken clouds
687,Yenagoa,NG,4.9247,6.2642,77.18,96,53,5.01,broken clouds
688,Sur,OM,22.5667,59.5289,79.84,45,0,5.12,clear sky
689,Russellville,US,35.2784,-93.1338,73.13,78,75,4.61,broken clouds
690,Uaua,BR,-9.8414,-39.4817,82.04,46,38,18.59,scattered clouds
691,Santa Cruz Del Sur,CU,20.7147,-77.9956,78.58,83,9,8.41,clear sky
692,Barra Dos Coqueiros,BR,-10.9089,-37.0386,78.82,78,40,11.5,scattered clouds
693,Saint-Georges,GD,12.0564,-61.7485,83.88,79,20,16.11,few clouds
694,Linhares,BR,-19.3911,-40.0722,69.21,93,99,2.8,overcast clouds
695,Boralday,KZ,43.3578,76.8594,28.26,93,20,4.47,mist
696,Ahuimanu,US,21.4447,-157.8378,87.51,71,90,17.27,overcast clouds
697,San Carlos De Bariloche,AR,-41.1456,-71.3082,51.55,50,0,17.27,clear sky
698,Port Blair,IN,11.6667,92.75,81.59,84,96,14.99,overcast clouds
699,Mount Pleasant,US,32.7941,-79.8626,70.0,90,90,1.99,overcast clouds
700,Tshikapa,CD,-6.4167,20.8,69.85,97,81,2.71,broken clouds
701,Naantali,FI,60.4674,22.0243,45.1,93,75,2.3,broken clouds
702,Atkarsk,RU,51.8718,45.0078,49.05,43,100,12.17,moderate rain
